,VARIANTS
115,-707
109,-MFK 31
114,-R330
93,265/45 1
96,295R40 1
91,AL90X21D
58,AQS3
90,AR10X21D
46,AUDIO 2
18,BELT A
73,CHSEAT C
26,COLOURED
124,CSDECAL1
20,DBAG A10
131,DHU 12
4,EVI 1X
30,EXT707
27,EXTCOL
43,HDSRAD
88,HEATSTER
78,HLINK
32,HWP1
22,KBXD1P1
105,LAMGLAS
48,LHMIR2
55,LOCK CL2
62,MASSAGE
92,MI HAS B
76,N AIDKIT
72,N CHATT
17,N COSPAB
38,N COVER
45,N DAB
104,N EMBLEM
2,N ENG
95,N LBOLT
77,N LCOV
71,N LNET
102,N TRIANG
120,NPADAPT3
52,OPEN2
23,OWS
19,PBAG A11
68,PSIDE
49,RHMIR2
25,ROOFAB
66,RSHEAT
35,SAE PROJ
98,SHANDLE3
87,STCOL EA
16,STS
125,SVDECAL1
42,TCAM2 6
51,TINWIN
84,TPMS LU
117,TRM
34,US SYM
110,USA/CDN
99,USHOLD
97,WETARM
